Workbook

Sheet 表1
A1: 方法 | B1: 定位F₁% | C1: 分类F₁% | D1: OA% | E1: 四类mIoU% | F1: 背景IoU% | G1: 完好IoU% | H1: 受损IoU% | I1: 毁坏IoU%
A2: U-Net
A3: DeepLabV3+
A4: SiamAttnUNet
A5: SiamCRNN
A6: ChangeOS
A7: DamageFormer
A8: ChangeMamba
A9: 多模态像素前端
A10: 完整方案
A12: 表注 | B12: 在相同Test划分和类别定义下比较；文献结果逐项标来源，无法保证输入/评价可比的模型移至独立列表。四类mIoU固定平均背景、完好、受损、毁坏IoU。定位F₁与分类F₁按基准脚本计算，不能从IoU反推。所有未知结果为—，不是0；本模板不迁入不同版本的历史成绩。
A13: 主要问题 | B13: 回答完整方案整体是否有效，以及收益集中在哪些类别。
A14: 所需文件 | B14: 各方法相同Test协议的result.json、4×4混淆矩阵、权重/配置来源；定位与分类评价脚本。
A15: 可复用运行 | B15: external_comparators, pixel_frozen, q_soft_train

Sheet 表2
A1: 区域组织 | B1: 内容组织 | C1: 活跃可训练M | D1: 前景mIoU% | E1: 受损IoU% | F1: 毁坏IoU% | G1: 混合度% | H1: 边缘错率%
A2: 像素基底参考 | B2: 冻结原始输出 | G2: 不适用
A3: 像素头对照 | B3: 同预算像素头 | G3: 不适用
A4: 规则网格 | B4: 单槽
A5: 规则网格 | B5: 固定空间双槽
A6: 规则网格 | B6: 建筑soft双槽
A7: 学习Q | B7: 单槽
A8: 学习Q | B8: 固定空间双槽
A9: 学习Q | B9: 建筑soft双槽
A10: 学习Q | B10: 容量匹配单槽
A12: 表注 | B12: 除前两行像素参考外，各区域配置统一使用图内参考，不读取Train历史案例。网格与Q保持相同名义区域数和特征分辨率；前端、Reader、损失、训练流、预算一致。容量匹配单槽报告实际使用的参数及计算量。混合度和边缘错率为GT事后诊断，不是模型输入。冻结像素基底不能替代同预算像素头。
A13: 主要问题 | B13: 同列跨区域比较检验Q；同一区域下单槽/空间双槽比较内容分离；空间/soft双槽比较建筑概率引导。
A14: 所需文件 | B14: 每组同协议Val混淆矩阵、活跃参数、真实Q/route张量、有效区域/槽质量、预测图。
A15: 可复用运行 | B15: pixel_frozen, pixel_adapt, grid_single_local, grid_spatial_local, grid_soft_local, q_single_local, q_spatial_local, q_soft_local, q_single_capacity_local

Sheet 表3
A1: 槽组织 | B1: 图内参考前景mIoU% | C1: 历史支持前景mIoU% | D1: 历史支持增量pp | E1: 历史支持受损IoU% | F1: 历史支持毁坏IoU%
A2: 单槽 | B2: =IF(ISNUMBER('表2'!D7),'表2'!D7,"") | D2: =IF(COUNT(B2:C2)=2,C2-B2,"")
A3: 固定空间双槽 | B3: =IF(ISNUMBER('表2'!D8),'表2'!D8,"") | D3: =IF(COUNT(B3:C3)=2,C3-B3,"")
A4: 建筑soft双槽 | B4: =IF(ISNUMBER('表2'!D9),'表2'!D9,"") | D4: =IF(COUNT(B4:C4)=2,C4-B4,"")
A6: 表注 | B6: 固定同一学习Q；图内三行结果复用表2同一运行和同一检查点。历史支持来自合法Train成员，父Top-K及有效掩膜规则相同；分槽比较固定父案例ID。增量=历史支持−图内参考。图内预测标签与Train真值软标签的差异是案例证据整体变化，标签质量由表4另查。
A7: 主要问题 | B7: 检验历史支持在各种槽组织下的额外作用，以及soft与历史支持的交互。
A8: 所需文件 | B8: 学习Q的六个配对配置result、父案例ID与顺序、槽有效掩膜、标签来源、相同检查点选择规则。
A9: 可复用运行 | B9: q_single_local, q_single_train, q_spatial_local, q_spatial_train, q_soft_local, q_soft_train

Sheet 表4
A1: 实验类型 | B1: 配置/操作 | C1: 支持ID | D1: 标签输入 | E1: 前景mIoU% | F1: 受损IoU% | G1: 毁坏IoU%
A2: 匹配重训 | B2: 图内参考 | C2: 图内邻居 | D2: 预测软标签 | E2: =IF(ISNUMBER('表2'!D9),'表2'!D9,"") | F2: =IF(ISNUMBER('表2'!E9),'表2'!E9,"") | G2: =IF(ISNUMBER('表2'!F9),'表2'!F9,"")
A3: 匹配重训 | B3: 参数化支持 | C3: 可学习向量 | D3: 明确实现
A4: 匹配重训 | B4: 随机Train案例 | C4: 随机合法ID | D4: Train真值软标签
A5: 匹配重训 | B5: 检索Train案例 | C5: 检索合法ID | D5: Train真值软标签 | E5: =IF(ISNUMBER('表3'!C4),'表3'!C4,"") | F5: =IF(ISNUMBER('表3'!E4),'表3'!E4,"") | G5: =IF(ISNUMBER('表3'!F4),'表3'!F4,"")
A6: 匹配重训 | B6: 移除标签通道 | C6: 固定检索ID | D6: 无标签输入
A7: 匹配重训 | B7: 替换预测标签 | C7: 固定检索ID | D7: 同源模型预测
A8: 固定权重 | B8: 正常支持 | C8: 原检索ID | D8: 原标签 | E8: =IF(ISNUMBER(E5),E5,"") | F8: =IF(ISNUMBER(F5),F5,"") | G8: =IF(ISNUMBER(G5),G5,"")
A9: 固定权重 | B9: 随机替换ID | C9: 随机合法ID | D9: 相应案例标签
A10: 固定权重 | B10: 打乱特征/标签对应 | C10: 原检索ID | D10: 打乱配对
A11: 固定权重 | B11: 关闭支持 | C11: 原接口掩蔽 | D11: 有效性掩蔽
A13: 表注 | B13: 上半部分独立匹配重训，评价信息增量；下半部分使用同一个完整方案检查点，只改变支持输入，评价依赖与脆弱性。两类不混为同一种贡献。随机支持遵守相同排除规则和父数量；固定权重强干预可能产生分布外输入。只有方法实际包含学习检索时才另加相应行。
A14: 主要问题 | B14: 检验案例选择及标签证据的作用；案例特征包含于整体支持包，本表不独立分离视觉特征贡献。
A15: 所需文件 | B15: 匹配重训结果；同一Reader SHA；查询—支持ID、相似度、四类软标签、随机抽样seed和干预规则；配对预测。
A16: 可复用运行 | B16: q_soft_local, q_soft_parametric, q_soft_random_train, q_soft_train, q_soft_no_label_train, q_soft_pred_label_train, interventions

Sheet 表5
A1: 配置 | B1: 配对参照 | C1: 种子一前景mIoU% | D1: 种子二前景mIoU% | E1: 种子三前景mIoU% | F1: 均值±样本SD% | G1: 事件宏平均% | H1: 提高/下降事件数
A2: 同预算像素头 | B2: 冻结像素基底 | F2: =IF(COUNT(C2:E2)=3,TEXT(AVERAGE(C2:E2),"0.0000")&" ± "&TEXT(STDEV(C2:E2),"0.0000"),"")
A3: Q＋单槽＋图内 | B3: 同预算像素头 | F3: =IF(COUNT(C3:E3)=3,TEXT(AVERAGE(C3:E3),"0.0000")&" ± "&TEXT(STDEV(C3:E3),"0.0000"),"")
A4: Q＋soft双槽＋图内 | B4: Q＋单槽＋图内 | F4: =IF(COUNT(C4:E4)=3,TEXT(AVERAGE(C4:E4),"0.0000")&" ± "&TEXT(STDEV(C4:E4),"0.0000"),"")
A5: Q＋单槽＋历史 | B5: Q＋单槽＋图内 | F5: =IF(COUNT(C5:E5)=3,TEXT(AVERAGE(C5:E5),"0.0000")&" ± "&TEXT(STDEV(C5:E5),"0.0000"),"")
A6: Q＋soft双槽＋历史 | B6: Q＋soft双槽＋图内 | F6: =IF(COUNT(C6:E6)=3,TEXT(AVERAGE(C6:E6),"0.0000")&" ± "&TEXT(STDEV(C6:E6),"0.0000"),"")
A8: 表注 | B8: 种子ID预先登记，比较配置使用同种子/相同图像流。均值±SD来自独立重复训练，不是单次曲线波动。每个事件先按各种子内部累计混淆矩阵计算前景mIoU，再跨预定种子取算术平均；事件宏平均为全部事件等权平均。提高/下降按本行“配对参照”的同种子事件差值平均后计数，按未四舍五入的配对均值差以0为界计数，精确零差另记持平；计数不表示统计显著。类别与缺类规则先固定。全部事件明细见补充表S1，不能与全划分累计mIoU混用。
A9: 主要问题 | B9: 检查结果是否可重复，以及是否由少数事件贡献。
A10: 所需文件 | B10: 至少三组预定种子的result和配对差值；全部事件内混淆矩阵、事件图像数、评价范围。
A11: 可复用运行 | B11: pixel_frozen, pixel_adapt, q_single_local, q_soft_local, q_single_train, q_soft_train

Sheet 表6
A1: 配置 | B1: 总参数M | C1: 可训练参数M | D1: 库大小MiB | E1: 建库时间h | F1: 端到端延迟ms | G1: 峰值显存GiB
A2: 冻结像素前端
A3: 同预算像素头
A4: Q＋单槽＋图内
A5: Q＋soft双槽＋图内
A6: Q＋单槽＋历史
A7: Q＋soft双槽＋历史
A9: 表注 | B9: 无支持库的库大小/建库时间填“不适用”，不要填成测得0。硬件、线程、精度、batch、图像尺寸、预热和重复次数统一登记；CUDA计时同步。离线成本单独列出；端到端包含前端、查询准备、检索、Reader和解码，并明确I/O范围。
A10: 主要问题 | B10: 说明性能变化的存储、计算与部署代价，核对容量公平性。
A11: 所需文件 | B11: 硬件/软件/精度说明；逐次同步计时样本；峰值显存；参数计数及支持库文件大小。
A12: 可复用运行 | B12: pixel_frozen, pixel_adapt, q_single_local, q_soft_local, q_single_train, q_soft_train

Sheet 补充S1_逐事件
A1: 事件 | B1: 图像数 | C1: 图内跨种子均值% | D1: 历史跨种子均值% | E1: 配对均值增量pp | F1: 评价类别与缺类规则
A2: 事件名称待填_1 | E2: =IF(COUNT(C2:D2)=2,D2-C2,"")
A3: 事件名称待填_2 | E3: =IF(COUNT(C3:D3)=2,D3-C3,"")
A4: 事件名称待填_3 | E4: =IF(COUNT(C4:D4)=2,D4-C4,"")
A5: 事件名称待填_4 | E5: =IF(COUNT(C5:D5)=2,D5-C5,"")
A6: 事件名称待填_5 | E6: =IF(COUNT(C6:D6)=2,D6-C6,"")
A7: 事件名称待填_6 | E7: =IF(COUNT(C7:D7)=2,D7-C7,"")
A8: 事件名称待填_7 | E8: =IF(COUNT(C8:D8)=2,D8-C8,"")
A9: 事件名称待填_8 | E9: =IF(COUNT(C9:D9)=2,D9-C9,"")
A10: 事件名称待填_9 | E10: =IF(COUNT(C10:D10)=2,D10-C10,"")
A11: 事件名称待填_10 | E11: =IF(COUNT(C11:D11)=2,D11-C11,"")
A12: 事件名称待填_11 | E12: =IF(COUNT(C12:D12)=2,D12-C12,"")
A13: 事件名称待填_12 | E13: =IF(COUNT(C13:D13)=2,D13-C13,"")
... A15: 事件名称待填_14 | E15: =IF(COUNT(C15:D15)=2,D15-C15,"")
A16: 事件等权平均 | C16: =IF(COUNT(C2:C15)=14,AVERAGE(C2:C15),"") | D16: =IF(COUNT(D2:D15)=14,AVERAGE(D2:D15),"") | E16: =IF(COUNT(E2:E15)=14,AVERAGE(E2:E15),"")
A18: 口径 | B18: 先种子内算事件mIoU，再跨种子平均；按实际事件名单调整行数与平均公式范围。
A19: 配置/参照/种子集合 | B19: 待填，与表5同一行的配对参照一致。

Sheet 补充S2_配对差值
A1: 配置 | B1: 配对种子ID | C1: 图内前景mIoU% | D1: 历史前景mIoU% | E1: 增量pp
E2: =IF(COUNT(C2:D2)=2,D2-C2,"")
E3: =IF(COUNT(C3:D3)=2,D3-C3,"")
E4: =IF(COUNT(C4:D4)=2,D4-C4,"")
E5: =IF(COUNT(C5:D5)=2,D5-C5,"")
E6: =IF(COUNT(C6:D6)=2,D6-C6,"")
E7: =IF(COUNT(C7:D7)=2,D7-C7,"")
E8: =IF(COUNT(C8:D8)=2,D8-C8,"")
E9: =IF(COUNT(C9:D9)=2,D9-C9,"")
E10: =IF(COUNT(C10:D10)=2,D10-C10,"")

Sheet 运行登记与复用
A1: run_key | B1: configuration | C1: region | D1: slots | E1: support | F1: labels | G1: tables | H1: stage | I1: seed | J1: checkpoint | K1: result_json | L1: frontend_sha256 | M1: q_sha256 | N1: bank_sha256 | O1: status
A2: pixel_frozen | B2: 冻结像素前端参考 | C2: 无区域汇总 | D2: 无 | E2: 无 | F2: 无支持输入 | G2: 1;2;5;6 | H2: 冻结推理参考 | O2: 待运行/待核对
A3: pixel_adapt | B3: 同预算像素分类头 | C3: 无区域汇总 | D3: 无 | E3: 无 | F3: 无支持输入 | G3: 2;5;6 | H3: 训练参考 | O3: 待运行/待核对
A4: grid_single_local | B4: 规则网格＋单槽＋图内参考 | C4: 规则网格 | D4: 单槽 | E4: 图内参考 | F4: 同次预测软标签 | G4: 2 | H4: 区域与槽核心 | O4: 待运行/待核对
A5: grid_spatial_local | B5: 规则网格＋固定空间双槽＋图内参考 | C5: 规则网格 | D5: 固定空间双槽 | E5: 图内参考 | F5: 同次预测软标签 | G5: 2 | H5: 区域与槽核心 | O5: 待运行/待核对
A6: grid_soft_local | B6: 规则网格＋建筑soft双槽＋图内参考 | C6: 规则网格 | D6: 建筑soft双槽 | E6: 图内参考 | F6: 同次预测软标签 | G6: 2 | H6: 区域与槽核心 | O6: 待运行/待核对
A7: q_single_local | B7: 学习Q＋单槽＋图内参考 | C7: 学习Q | D7: 单槽 | E7: 图内参考 | F7: 同次预测软标签 | G7: 2;3;5;6 | H7: 区域与槽核心 | O7: 待运行/待核对
A8: q_spatial_local | B8: 学习Q＋固定空间双槽＋图内参考 | C8: 学习Q | D8: 固定空间双槽 | E8: 图内参考 | F8: 同次预测软标签 | G8: 2;3 | H8: 区域与槽核心 | O8: 待运行/待核对
A9: q_soft_local | B9: 学习Q＋建筑soft双槽＋图内参考 | C9: 学习Q | D9: 建筑soft双槽 | E9: 图内参考 | F9: 同次预测软标签 | G9: 2;3;4;5;6 | H9: 区域与槽核心 | O9: 待运行/待核对
A10: q_single_capacity_local | B10: 学习Q＋容量匹配单槽＋图内参考 | C10: 学习Q | D10: 容量匹配单槽 | E10: 图内参考 | F10: 同次预测软标签 | G10: 2 | H10: 容量控制 | O10: 待运行/待核对
A11: q_single_train | B11: 学习Q＋单槽＋Train历史支持 | C11: 学习Q | D11: 单槽 | E11: 检索Train支持 | F11: Train真值软标签 | G11: 3;5;6 | H11: 历史支持核心 | O11: 待运行/待核对
A12: q_spatial_train | B12: 学习Q＋固定空间双槽＋Train历史支持 | C12: 学习Q | D12: 固定空间双槽 | E12: 检索Train支持 | F12: Train真值软标签 | G12: 3 | H12: 历史支持核心 | O12: 待运行/待核对
A13: q_soft_train | B13: 学习Q＋建筑soft双槽＋Train历史支持 | C13: 学习Q | D13: 建筑soft双槽 | E13: 检索Train支持 | F13: Train真值软标签 | G13: 1;3;4;5;6 | H13: 历史支持核心 | O13: 待运行/待核对
... A17: q_soft_pred_label_train | B17: 学习Q＋soft双槽＋固定案例用预测标签 | C17: 学习Q | D17: 建筑soft双槽 | E17: 检索Train | F17: 同源模型预测标签 | G17: 4 | H17: 案例机制控制 | O17: 待运行/待核对

Sheet 评价与计时约定
A1: 字段 | B1: 待填写/固定规则
A2: 主表划分 | B2: Test，明确名单SHA
A3: 机制表划分 | B3: Val，所有组相同名单
A4: 主表主指标 | B4: 四类mIoU；类别顺序背景/完好/受损/毁坏
A5: 机制主指标 | B5: 前景三类mIoU；保留完整混淆矩阵
A6: 种子ID | B6: 待填，至少3个匹配种子用于关键配置
A7: 选择检查点 | B7: 待填；仅依据Val；最佳与末步分别登记
A8: 父Top-K | B8: 待填；表示案例数量，不是槽数量
A9: 区域数/输出分辨率 | B9: 待填
A10: 冻结前端/Q/库 | B10: 逐项登记SHA与参数/buffer状态
A11: 损失/学习率调度 | B11: 待填；相同更新步数须匹配调度计划
A12: 空间双槽规则 | B12: 待填；训练前固定
... A22: 数据缺失 | B22: Word用—；Excel实测单元格留空，禁止填0代替
